x1,x2,x3,y
-0.9025137556951708,-1.0,0.7942997627869095,11.631387120048169
-0.4421643964068178,0.18456237554877686,-0.42711555949062174,-0.6941604046611753
-0.5441003796825445,-0.5029878684449562,-0.4634838135233945,1.5316576671054454
-0.3854974784325136,1.0,-0.3062393326009005,7.00255095277515
0.3832762656023483,0.44740124007910387,-0.17746750300225833,0.3587476843934505
-0.02128480832663926,0.739808149057994,-0.43064382987430005,1.4570600116266639
1.0,0.33607989231893476,-0.7317390869315297,6.445598904308389
-0.21212264206974196,0.36467839783550304,0.24022858107987566,-0.8883107123124419
-0.8637569336959776,0.20897084260202115,-1.0,7.579275829399464
0.20293025336510118,-1.0,-0.27950694446153523,0.9197810537887278
-0.8840590708902896,0.0947559152605928,0.5121003272817437,-1.9161457229872536
-0.21683233198920537,-0.045296647343911145,0.6365005519284048,0.08097579367722733
-0.13153716931779424,-0.3180952681583842,-1.0,-3.7682221461169614
-1.0,0.5082950456806485,-1.0,18.063883733720665
1.0,0.8328653181778025,-1.0,20.73720822982465
0.03304755009055094,0.9824261598133417,0.24944650524640433,6.673548370736221
-0.20736593221300925,-1.0,-0.13383165716751066,3.5504781855690757
1.0,-0.9049583397810663,0.027377383840202718,-2.385706902051487
-1.0,0.18295074094864816,1.0,3.3344196368458503
0.9031309842978072,-0.6156768438138276,0.4588850650196872,2.1694799489683207
0.7107464850343226,-0.3329670809382894,1.0,-0.9105613526026088
1.0,0.04695027666703577,0.38553027256498407,6.970095980008987
0.7765971630369717,-1.0,0.6404862067860082,-2.8821571161605437
-0.10444126570170731,0.22437244950694502,0.36502170886597884,-0.004377861454678552
-1.0,1.0,1.0,17.39501289039953
-1.0,0.5468807409003722,0.6730815076115431,-3.2265778935734484
-0.14424051342632782,0.4736395080956419,-0.251798916471635,-0.2531955417598293
0.4266917998118236,-0.24635353919027891,-0.011594013005797432,1.2918649290691426
0.6013563707882776,0.25159880190984474,1.0,1.946796744516448
-0.18066710302190336,-0.1544245599946763,-1.0,-2.2838512348949678
0.23792575762388424,0.040092654045939646,-0.5724559579552304,1.0979979714122812
0.5592179640302206,-1.0,-1.0,-23.138173106431655
0.03961025553628694,-0.5818161330829175,-0.03277729470748403,1.497567473510327
0.06441470420658146,0.08579597987900778,0.21274349125542424,0.7259631557368
0.29069998007001097,0.6585155666091098,1.0,5.0650694901515845
0.4353061760037562,0.5888531673868667,-0.020184567398659592,2.4647979719015654
1.0,-1.0,-0.2233897503923763,-9.201176077531137
0.9798409945701154,0.05324276115423654,-1.0,7.026474111573768
0.641409308859255,-1.0,0.6244787750074781,-1.2663584044884404
-0.8204122593524248,0.8551699034205975,-0.8309486433327733,1.3289143861376904
0.20133982800944827,-1.0,0.5410913599072056,0.4736689956024354
-0.4303141620066482,-1.0,-0.9680669566640934,-11.65451675082047
-0.6386015982689526,-0.14077323769799688,-0.1820893892251838,0.3926028222728948
1.0,1.0,0.9969706336645063,25.954188307138917
-1.0,0.36154746288695994,0.6505979088886433,-3.719126521521157
-0.32864943254725243,-1.0,0.2576352901367922,2.457691145248797
0.06880082252221897,0.03939651282248735,0.7887936936519138,-0.3471977679650687
-0.48723195519599116,0.5254609703289144,1.0,3.8701436728679752
0.692073535301313,-1.0,1.0,-6.38501705397405
0.8655478452179979,0.5668810174410277,-0.9990170023271976,4.478914146484249
-1.0,-0.6494207789177566,-0.7827933298285041,2.211495940813946
1.0,0.3608187267831531,-0.9746316259132006,11.449414323406796
-0.4352381252928774,1.0,0.6206995573391747,7.226250068992399
-0.2509257254637822,-0.8074347630510506,0.4078989789369243,0.9851584718678523
-0.01646588976334007,0.33649789368188965,-0.30102270755629545,0.596636272198783
-0.09759569393424772,-0.23040844551840123,-0.7433936746173495,0.7408761843752922
0.5240564453248056,0.443501898425688,0.7591877133539155,1.7390683984502642
-1.0,0.08872041483914495,-0.10928743230384219,-3.876327308706731
1.0,0.44397264028711936,0.286694043258124,8.078430924723339
0.5209672548748701,-0.2801426115809029,-1.0,-4.022667597556279
-0.5101112939538532,0.7496298523113092,0.15767431898954398,-0.6041425092622563
-0.13978186326276143,-1.0,-0.9650620774478522,-13.936663478437907
0.5331986375298907,0.20080755652157922,0.2391165325212843,2.262251021245358
0.013402214694760994,0.34643037083213457,0.32919862014755985,-0.09682393264345812
0.630692763983951,-0.17557142449591256,-0.7114098414351147,0.614313020784427
-1.0,1.0,1.0,17.55809129990002
-0.07807967520603643,-0.013846353570804881,-0.06962013055972083,0.9629307393692103
0.1283721846306236,0.743254609371143,-1.0,-3.3423974680217308
-0.835027409908512,1.0,-1.0,5.970181736710432
0.8332869950628226,-0.26777506734968615,-0.15190668237221727,1.6009846629127402
-0.0312719696719046,-1.0,0.499459334299599,2.00658229974201
-1.0,1.0,0.23612155903594823,5.109703175166656
-0.24785685831687854,-0.32202545727738285,-0.5634470831520786,0.9402411370060422
-0.13256622384818284,-0.9364448636752436,-0.9606462858833738,-11.532063941316828
0.6564885019235704,0.47326013765770214,0.9951653677755339,5.408529237123426
0.28694268124606515,-0.5006021240015255,-0.05233372757501553,1.241447982774504
-1.0,-0.21107962073964925,0.5113303551046904,-1.34839038513098
0.44555890211379445,-0.7197958824956423,-1.0,-9.610391806543193
0.0915623433111612,-0.0029054450689054434,1.0,0.8944351595991665
0.4600867061146032,-0.6918427608053901,-1.0,-8.564686719514649
-0.48258014901981694,0.11831081371351648,0.8832761668920941,0.050957015496348124
-0.27104418631321936,0.9329897289544475,-0.27665899076950784,3.787176045705989
0.27570023581566905,0.4375037327760747,0.7617213741005002,0.44590860049911984
0.5685302768588141,-0.5894733507167833,0.3060271292383143,0.5976313613960023
-0.1193564307382402,-0.1126856100423328,0.32125023498970084,0.7184768562153034
0.3882869665953381,-0.40891007894918907,-0.060098858622553486,1.0857991395164361
-0.25325041741925225,-1.0,-0.28953217389581787,2.2580407354469205
0.6222063449595905,-0.4506413959031226,-0.4280588080223322,1.2115374632792895
-0.4080918669282039,-0.06875962709642969,-0.3561981531384648,0.027473142573538528
1.0,0.11505442291026546,-0.48865227915505494,4.604554271644411
0.9731764239278924,-0.26665602242711905,0.6269348093718292,5.349703113409654
0.4765804494836552,-0.4418018505546042,-0.26133621682253083,1.9212590830563716
1.0,-1.0,-0.2678966435323824,-8.987589215191187
0.1638304113740907,0.45421356024156356,0.7649338768303755,0.5699854968276898
-0.6790611943201048,1.0,-1.0,0.8881193009563143
-0.9765617925772945,-1.0,-0.312396966401153,5.501923859028869
0.47589402613220666,-0.4485211521088055,-0.952735889874323,-3.314535939563033
-1.0,0.23133310518024874,-0.3683030887329093,-2.4042455449684845
0.18228492014415787,1.0,-0.6680675387014372,10.627407734554241
0.17416755770766423,0.9488489214261671,0.9263454722979401,9.471329219900714
0.04196246722520547,0.4439679360689437,1.0,2.1793789182397743
-1.0,-0.0413800746971682,-0.31180455390355055,-3.5162286295658864
1.0,-0.19986511296770826,0.2801180806872021,4.6094043213364655
0.4084570551696356,-0.11602680994893166,-0.07171124117713701,1.5517144779718204
1.0,0.1984244795752117,0.3702343415450786,7.208903524583607
0.381321787308611,1.0,0.8867154849183494,8.685435141586627
1.0,0.9756111101995311,0.5575945233551924,14.331314257877414
-1.0,0.187036181678518,1.0,3.2787081092439543
-1.0,-0.6801644748793718,0.40593120272644834,3.5275441439399033
1.0,-0.3193033928286899,0.5784526856432943,6.212492568016244
-1.0,0.4566872117396372,-1.0,17.255293965433083
0.0880541480092456,-1.0,1.0,-6.5740392597761925
-0.27569224097000355,1.0,-0.9558584827995398,3.7079705800454676
1.0,0.029861022864238196,-0.17623470237413663,4.756191388305054
0.8988045993131131,0.7355791961463618,0.17544356944534,4.9862473597526416
-0.8580970598316955,0.5418645945884413,-0.6528832107106457,-0.23965603545002132
-0.6027629862198791,-0.6210973046614796,-0.03011203259735784,1.1689510869460604
-0.9212243759462064,-0.592449675340954,0.39907420528038173,2.727954441074244
-0.21909224985671027,-0.24858985701654346,-0.2194277806325846,0.6058582486629278
-0.2858678990047989,0.4752263605650091,-0.8744025910852737,-1.8237276011133292
0.006835372674189877,-0.08788371073508405,-0.19016599025016845,0.4246768803026871
0.774568105554821,-0.8141589924466619,0.17428724755820202,-0.23385959620346014
-1.0,0.9768469552484242,1.0,16.445447699910357
-0.04066186239294178,-1.0,-0.09897926747468122,2.542282397148791
0.22172283927246683,0.9534328934054404,-0.5742503802510401,7.162112764416678
0.05222751908964951,-1.0,1.0,-6.921687479490097
0.5728313236938072,-0.5914523869609261,-0.7184018341998359,0.21275879791704636
-0.6308763680073495,0.9039473934340068,1.0,12.74355313911637
-0.32011883783333017,0.7447611449267788,-0.14099027174695422,0.5088862985443336
0.9330578642178904,0.45214573817258086,0.19454239494411718,5.227520138007705
1.0,0.5358085816645561,0.6770820049699455,12.10983902248948
-0.05614081511068214,0.6091699816625473,1.0,5.456876490204711
0.38542297185313945,-0.17100832986061998,1.0,-1.9972871929480567
0.8790379991272295,1.0,-0.5228742218763807,15.646974255996875
0.8412859682487803,-0.10166710658820532,-0.20972113117903368,2.9761211501005755
-0.9291128676284592,-0.10847245747605205,-0.38276331213718096,-1.4684169557719737
-0.23271035804822482,-0.8266736001632975,-0.5331726277199644,1.185555312247705
1.0,-0.15935882876314889,-0.3434920431293311,2.8869986874550886
-0.2828554977484079,1.0,-0.7228840110356194,6.233329690720925
1.0,-0.9649610588324637,0.3224996866550014,-5.789484151649096
-0.7374870624002139,1.0,0.733716501636037,4.890673439275869
0.6071172025363334,0.24047647296072538,-0.0899349143036634,0.4794898470777452
-1.0,-0.5869398435491435,0.23903273968772143,0.7393960807542413
-0.541726607581493,-0.08319364027016429,0.47192855089277286,-0.1429181826256266
-0.06733956976402178,-0.49165166148605444,1.0,-1.5211055852131135
-0.15673514646058395,0.7444605235674968,1.0,6.911934798224167
0.2744881179288179,-1.0,0.8337784141438873,-3.5838690209658863
0.08679160568070765,-1.0,0.2957413983449906,1.286122816659505
1.0,-0.6313474567988073,1.0,2.5258738949178356
-0.29921559421033606,0.12080451948442761,1.0,0.760242061916257
-0.25893099569288536,-1.0,-1.0,-14.20318600401534
-0.38431358924259595,0.7266387509700565,0.4229706778197835,-0.20341466074907008
0.8018212056866874,1.0,0.9192818340418882,13.422346395171878
-0.5596730021648837,0.3909792279970443,-0.4707762914557805,-1.313409747355481
-0.3975431999749528,0.8415645048557197,-0.7230380467690789,0.06826075873079987
0.8433627560620502,-0.507068612716443,0.17110866980975858,1.5230205390532903
0.3065408556134026,-0.5244481395350544,-1.0,-6.846600011240822
-0.46554556077015397,0.3975406870111642,1.0,3.5822498304760657
-1.0,-0.30469510587527027,0.29637073963868854,-2.5100796595096573
-0.8237503979807488,-0.33192470344482694,-0.922372791958554,2.6902729642859255
-1.0,-0.10357106746033962,-0.9810429404423071,8.4719558705459
0.04818004703476908,-1.0,-1.0,-16.63870131346448
0.09330018046846633,1.0,0.0794482570802788,8.506942868803923
-0.3051259637861885,-1.0,-1.0,-13.892571659186174
-0.03290355132062239,-1.0,0.006435118642877269,2.401263037962108
0.13125149033588612,1.0,0.09610808862850995,7.993298947447602
-0.8663940315486283,-0.5471836564910466,-1.0,3.920336313747363
1.0,-0.2800183022237659,0.7205439767956647,7.335388989889299
0.1843656524185917,-0.8812648281661144,-0.10390500812030767,2.683151971265354
0.9207063327391405,0.6593962825057273,-1.0,8.284229678868623
0.5641218720065315,0.4817029610612731,-0.4287011831616372,1.1288851958916148
0.7825623190498248,-1.0,0.05455590075524652,-2.97733519324357
0.4824097695134324,0.07515369882151846,0.42397582449921356,1.7999592010593841
0.4643637554142974,1.0,0.4610277341772846,6.819170202461009
-0.8281188870640501,1.0,0.30087648887177965,2.55173335605335
-0.23354463355803534,-0.6716757925388055,-0.07781955404451413,1.0444998563498975
-0.7238418807938565,1.0,0.9973065864241462,15.756707644969142
-0.6968868850565106,-0.4684027565092159,0.497978889525456,0.9795167829914362
-0.16873391593896114,0.45202199689077327,1.0,3.1095403476696535
0.8688726018029056,-0.33423733691268276,-0.5364872318705627,1.9978141483336278
-0.016244922568104725,-0.24588346232791158,1.0,-0.7325136282447261
0.8757115960043742,0.1348732913914057,0.6507391297402347,5.694053843143859
0.41478381492835203,-0.14982902693479505,-0.5353163385652544,1.0292422139018018
0.2530091688220497,0.876874830394093,-1.0,-0.6703859342919005
1.0,0.2504143693889611,1.0,17.418392061122034
-0.4995624165689321,0.4135347487433747,-0.8675789438527106,-0.9092050208334337
1.0,1.0,0.22260312045818598,14.352932239514821
0.24682599964587215,-0.6268173393473753,0.977570228760263,-2.7495876092669054
-0.2958270926532003,0.18228133692265946,-0.17722554330990592,0.8203980505221866
-0.12304877597835229,0.305498220347707,0.16604284046441697,0.2606238112093583
0.6890672906775659,-0.29775485977101424,-0.10997824981494908,0.6804130703697437
-1.0,-0.89634588199703,0.5530841836173681,9.747121674154807
0.748429328188168,-1.0,1.0,-6.369047728087421
0.17477196186599153,-0.30191789457239837,0.18385509700049218,1.1022108025438775
0.08833600443769352,1.0,0.09023547130736365,7.718870042760737
0.6771364448599873,-0.3989832441707182,0.025806781607128793,0.906231598592045
-0.6814128108020692,0.1643249619697542,-1.0,2.1992310757193607
0.587536985666979,0.7288865115297269,0.9544640215213458,6.299424313568036
-0.2119443845286515,-0.4237534245735839,0.4352049242791809,0.135223225702646
-0.46186280371789334,0.02881234625449869,-0.7136997104236411,-0.31756551528873134
-0.6676723551998209,-0.34641476672945926,0.5293775031468895,0.7350432384725054
1.0,0.8309816989308476,0.6901349960124794,15.112426826453879
-0.6306440482033775,-1.0,0.5615978447124024,4.766088800933299
-0.7452128257804524,0.1966186054781507,0.029026265625099912,-2.3761369520832787
0.0025330040254822883,1.0,0.7991294521528227,9.82253851066875
-0.9716006337620555,0.15236538855315218,-0.44274181316603567,-1.9399873867972597
0.15704592829758734,0.7345156336407417,0.4885807032046543,2.3865985178602442
-0.5224291571371855,-0.06600216274492055,0.45513169637997564,-1.1837321867125683
1.0,-0.5462245630175295,-0.04030723651705448,3.240888315594239
0.13513650387401444,0.8132403191416759,-0.5145392457521187,2.7454358875056504
0.7618833512993002,0.7326611701934891,-0.08053904151540747,2.249665908880668
-1.0,0.8187321540949679,-1.0,19.545242015773734
0.23546254168548697,1.0,1.0,10.476032938476193
-0.45885241585841885,-1.0,0.411915047076467,3.094079884961251
-0.55754035072976,0.7612462680272771,0.760605451423662,2.082420039447978
-0.8798753378653816,1.0,0.11335750998195859,3.64755858719025
-0.443311352144951,-1.0,-1.0,-12.129494596954796
-0.8518977904256364,-0.004615589272996434,1.0,2.5558030636800915
-0.46522390131869207,0.8955237952407811,-0.016875978397587588,1.6314875506434947
-0.6332355256386337,0.17300350062204228,0.46857628106869553,-1.6805974628788558
0.6572578426599758,-0.8498672901472051,0.3870740367323817,0.5918975845948897
0.6631221883007381,-0.8502415212725423,0.11178122807084812,0.5185262510712381
-0.9556776938900364,-0.3586310344030057,0.40065055665877347,-1.1312661216267192
-0.009545821380114727,-1.0,1.0,-7.543583029231339
0.8118110337927757,0.1415126755508862,1.0,6.431117629470637
0.7143549716841024,-0.2820250212062365,-0.4459842181158846,2.17766221964371
-1.0,-0.1437090217785315,-0.6944693031217692,-0.755036859434284
-0.7394121008784245,1.0,0.8148146778317145,6.839535811566829
0.49614674128469094,0.14529248866046163,0.6544469782892024,0.6841046994198017
1.0,0.5278688488621435,0.028627949286435417,6.242518271362175
-1.0,-1.0,0.2383840580127521,9.69013210019315
1.0,-1.0,-1.0,-30.203220957736644
-0.291970177873617,0.27778179368735634,1.0,3.0155203018668195
-1.0,-0.2885403198194203,-0.19726925349327717,-3.710673384766122
-1.0,0.9668513577524342,-0.6768208858853799,12.071906943403611
-0.3724089889875901,-0.5218560706876101,1.0,0.9552024786690902
0.6500528947062798,-1.0,-0.004464075905568743,-0.723460075250955
-0.9734670508312147,-1.0,-0.8018632611062699,3.167720859586089
1.0,-1.0,0.28851440216153823,-7.4190962375346405
-0.5173973425534868,0.06622823468352479,0.4877159406786076,-0.8859813998885173
0.9935377640966012,-1.0,0.37619613377334793,-6.03947092554733
0.10408400029878018,0.7578992555683481,1.0,6.522828348127429
-0.9750788300441624,-0.18394433097982277,-0.6292821661452344,0.023445472348093688
1.0,-0.20914163085423865,-0.00014684568248313212,4.179949743684647
0.1833452866977512,0.3425400950644455,0.8899335881708708,0.5746333447678397
0.5634234762167727,-0.6727013520342815,-1.0,-8.644396547709988
0.43693297307149304,-0.9390145871752102,0.4287542432961702,0.38449539623173257
0.6651244999815282,0.7722032310152955,0.599946114577455,3.9304779857003638
-0.8954944589467351,1.0,0.012615651512501769,4.928820970296825
-0.5335222289747197,-0.5339461520369067,-0.10710554979980524,0.8384742104768563
1.0,-0.8653522936827411,0.06849821425607994,-1.306356714854913
0.40989707721958135,-0.38449923669142194,1.0,-2.5033684282969717
0.33841801720744735,-1.0,0.8812650827104176,-3.855126102382908
1.0,-0.2971395834085808,0.5301081404592523,5.216120283176165
-0.7708043116332173,0.27907927659326504,0.23556588177769267,-2.898399224572862
0.02076120961570016,1.0,-0.755244096394518,9.38880111572629
-0.28576793514841503,-1.0,-0.41757491349099185,1.2172782406228289
0.1876804245452699,-0.09886096299118674,0.10000362245923688,1.2817383884144418
-0.6954398814990905,-0.04931421995827612,0.10048833840348292,-0.3970227895702154
-0.9585105483103462,-0.840038884434416,0.5029861741411723,7.774646582590987
0.934992313520294,-0.37144952466290726,1.0,4.018818084220244
-0.18256532909776957,-0.9486429835575954,-0.03746315155304747,3.07218475449099
-0.5631124916523242,-1.0,0.1952317142196951,5.069187997448978
-0.17274242952438779,0.583081554403647,-0.3517820225325359,0.13617944039113503
-0.016874632019082236,-0.32192019060172505,0.2411342617473906,0.9669197420796589
0.2508662619777824,-1.0,0.5406511325217083,-0.22610781892444454
-1.0,-0.4881290263699605,-0.02866665859303441,-2.3754939652587677
1.0,-0.057912744028245866,-0.9205760063403163,7.6783903671723746
-0.7706928566290676,-0.776282128745128,0.20734194597407352,3.3506290422902363
-0.5210809656962665,1.0,0.9618745976853686,14.09320265773331
0.34825606185851576,0.9673108018009045,0.666087010014899,7.190406182141327
-1.0,-0.7194025673541031,1.0,14.582848069442953
0.17891725805872616,-0.19535812771015193,0.943376199974731,-0.7706062214401066
0.09152013067566234,-0.8175270528112943,-1.0,-10.96426345393382
0.2036668099164085,0.12253430667665954,1.0,-0.05704691312387211
0.06590358221173065,0.8885466007940208,-0.21967014977315613,4.574199129259478
0.5234815782333968,0.956354889876099,0.040955342903566505,5.4843389757481695
1.0,1.0,0.6633540002304115,16.23842038372194
0.15983674722469665,0.19463586980325553,-0.8581113111139991,-0.3864345691848046
-1.0,-0.7268866430518655,1.0,14.845329169781976
0.09783151855787442,-0.13268192648782184,1.0,0.03222249744764405
0.16043110042754116,1.0,-0.5807628309317825,10.24137498339784
-0.5656888013518415,0.13296154561117457,-0.5287924897743519,-1.0575159966190153
0.28501409266164823,-0.06356347830442766,-0.49661618739494484,1.3539815766773209
0.12110495625644324,1.0,-0.9951975379116356,5.0398977035494905
-0.7366040326193317,-1.0,0.6670736834964388,5.434384132079304
1.0,0.4313456331917107,1.0,20.441197855309355
0.5843819549144247,-0.9439142251369139,-0.21611753767035857,0.3124967877439812
-1.0,-1.0,0.6627487661150244,15.667162538123643
-0.41790241375153947,-1.0,-0.7326448573497883,-3.2256885782860962
-0.2141492382832817,0.3792698317429535,0.2704424171277413,-0.6659327325720557
0.18787425476187103,-1.0,-0.0005781719885078473,1.7348657632559543
0.2927828631364162,0.22245038632274894,-1.0,-2.713811265398097
0.06128806199094661,-0.011260063403535137,-0.8624775765182817,-0.591205574161284
-0.5766305757902799,0.9868480709173779,1.0,16.220236074116634
-0.2524177980771427,0.4150366081743748,-0.8713866780549566,-2.0185582516920344
0.6164543764172761,-0.16127407204620758,-0.4265155634214175,2.1218256396848987
-0.45050355043211954,-0.24048568486663013,0.18494069228114363,0.17165161991848626
-1.0,0.3512133038977734,0.04295226776056671,-4.020654228562282
-0.06774992289095239,0.6648552638188683,-0.5475423071156604,0.4726712472279685
0.8133304309503042,-1.0,-0.9565238348841438,-23.03507856203326
0.0441231605739103,-0.16542091406467607,-0.5621865729517768,0.7979438857980449
-0.8010569533478147,0.71621479705239,-1.0,2.9193411617380107
0.05905249130138546,-1.0,0.17176808526762377,1.4443936798554442
0.3282863395778717,-0.9489068740930748,1.0,-5.717813026497655
-1.0,-0.8285869486722375,-0.5795625169903493,2.83471098347864
1.0,0.4959771766707026,0.13154208832258862,7.1707989161801535
-0.17928295056931587,-0.14039444745504182,-0.7348261743564206,0.6744841318696452
-0.8615114938936479,-0.2533299140055947,-0.611741016743496,0.07031776201328799
-0.1476260620154346,0.68318664549469,0.5841373299009018,1.0471058773351052
0.9061011362096405,-0.5851551265363317,-1.0,-3.241888057498963
-0.22819413062199456,0.03550687128079222,-1.0,-3.122897482123264
0.11607479920814767,-1.0,-0.005701362108495589,2.3045497737847307
0.1012516812865778,-0.2016589918963787,-0.1587235425776714,0.8131101792826134
1.0,-0.8670088299144423,-0.7839663288040979,-2.155633772341343
1.0,-0.5631557553628845,0.6407078399605359,5.029264708264844
-0.33318856685862186,1.0,-0.22618983680252014,7.7999605207235865
0.4598338508612865,0.8459393299735529,-0.291579654560981,3.700419540664796
0.28723397756686087,-0.8291844986650463,0.01057702186232179,2.074119886625731
-0.133022533065009,-0.809881582980102,-0.6264124207925501,0.2827437125402093
-0.047673205359926696,0.9768441355605615,-0.7262428764418754,7.510095060455084
0.7523727568422283,-0.469860884153914,-0.9702092699414246,-3.536355288219359
-1.0,0.3712399009446694,-0.3488866942498836,-1.4004058988948784
-0.09198877670976402,0.7063536619828004,1.0,6.537965816341668
-0.6265848912869039,-0.1846022134143397,0.4613524917533234,-0.2172969652236238
-0.5553237716037911,0.15027286631040204,-0.4160532963615855,-0.774642933306141
-1.0,0.7523798612662194,-0.37010105650218716,2.781723229902828
0.5852263428267577,-0.4575790045281596,-1.0,-6.438486429558018
0.1632246818885248,0.9265002033426932,0.7798426268988026,7.632768811450051
-1.0,-0.25872592516368553,0.2614048633983377,-2.733495636615047
-0.7045771447121458,1.0,0.23100105269636328,3.3003382070841374
-0.29170589824874527,0.8449312003294638,0.4482792079519706,1.9759556154277627
-0.09767719746002501,0.4714571326454342,0.7009720858280206,0.6129563555835585
1.0,0.09783677235749821,1.0,14.323348922378587
0.39300608179683083,-0.34386083588590566,1.0,-2.5752008758173885
-0.6643501624456307,1.0,0.7858982821498821,7.193270842275845
1.0,0.4578775081229691,1.0,21.63780265996936
-0.3782698553575259,0.41310140120855166,-0.2452734455465504,-1.044880872724545
-1.0,1.0,-0.5409034672669191,13.313805282862715
-0.1941926845092279,0.4982084547277432,-1.0,-4.916990396549328
-1.0,0.7105085018637749,0.005079237288736493,-0.7117035924916486
0.004400451704078323,-0.4040004208096124,-1.0,-4.15815829321017
0.04401132396510543,-0.5328615000761485,0.20836145457592647,0.2728389875338024
-1.0,-1.0,-0.7918850980704717,2.9793199429169146
-0.020704359455841148,0.6976194742873871,0.061057919705839625,0.34268333099712606
0.02252784515093964,-0.2649721173139219,0.6512790949064593,0.5210084598621856
-0.4645372176880853,0.2584679756341002,-0.784076850434378,-1.4959275042920854
-0.07787133818381409,-0.046661803807947155,1.0,0.6683901819644138
0.28969171181181186,1.0,-1.0,5.288798546222711
0.4528801813132344,-1.0,-0.43557207836231115,-1.6611365266171778
0.5143391872217393,-0.12908935621266426,-0.8715086933098439,0.1019792673892167
-1.0,-1.0,0.2755366454296295,9.299500622426216
-0.047591818613750725,-0.13462502777746477,0.5946859957842681,0.04550955342085214
-0.5431321056848126,0.43063402496150194,0.11596174178852348,-0.7689064304201435
-0.20026127410220118,-0.36411050578129167,1.0,0.3860286893176801
-1.0,-0.2965701566838719,0.31101793525000665,-2.4397644515370946
0.46398454700570735,-1.0,0.3606625211195791,0.3323221230090539
0.18010594042113115,-1.0,0.5493368215787364,0.26762854085017773
0.21511396602121025,0.02930344291626552,0.6620577833879955,0.34997711584389085
-0.021319392369295365,1.0,0.2894074533715745,8.279282629629932
-1.0,0.8203074010881293,-0.9722026510420685,18.297015945105876
-1.0,-0.5900877178523227,0.749544673157251,5.319632813669599
-0.4040174527277778,0.31330851201654975,-0.5153889427506464,-0.8807401143913611
1.0,-0.7445242034877637,-0.2518840319851232,1.8670771386454568
-0.2327425765867388,-0.14215205420025612,-0.7863106406963196,-0.11022682278287946
1.0,0.6338029588831742,-0.1885266983008509,5.707583832911092
-1.0,-0.9786649661711357,0.9994224429262368,21.212704980530603
0.8934916792206167,0.010607513107002253,1.0,7.344327692527517
0.3642382797188235,-0.4255376150623358,-0.8573779078409476,-0.6923879249537161
0.517659018996135,0.17323088959797261,-0.6964547484933759,0.12082993901573458
1.0,0.6115482324766555,-0.7586661314902803,8.72056424320337
-0.2555973855287057,0.43375768959097716,1.0,3.3993874826772505
-0.8621950627206525,0.1882378665680604,-0.6443073215596022,-0.2372450585217043
-0.9805163479119108,-1.0,0.2507443297303724,9.49455465657864
1.0,0.9977785423622765,-0.047239497555993326,14.621854439446198
1.0,-0.7780353420521668,-1.0,-5.644739307512577
0.24382527294408773,-1.0,-0.29551092870048445,0.9845798420958536
0.7418468266066047,0.10419209237776905,-0.6429248835420753,1.7216827901533263
0.9118073343584068,-1.0,-0.9516150361320863,-25.224156235612096
-0.8357371907966646,-0.6814233238407243,0.6131307397915866,3.3683082435551537
-0.22569383129434817,1.0,-1.0,2.0189567363567784
0.22177663972278627,0.21699065409157958,-0.4390893718426816,1.2167329986888205
-0.7111591319181123,0.36342806774136327,-0.13549535045920136,-2.6091486870376404
1.0,0.11533548067918487,0.2147264283185848,5.646362166282313
1.0,0.27338461308692663,-1.0,11.064782404159878
-0.8063515008731128,-0.23109301690023099,0.1521632195175624,-0.657628679440791
0.6547162883697966,-0.6336529829271205,0.18202674929140072,1.5089298376594473
-0.606426371281835,0.3429979312038083,0.07162511034133834,-2.164401498597513
-0.7105777555445549,0.24742635537118707,-0.4755703187525713,-1.143897890431864
0.6371131310078364,-0.18675122603497796,0.394563119992011,1.3410982175094435
-0.7516689793398139,0.992894370549847,0.6393783835463025,3.336223949472395
0.1796634639678112,0.6832405571095905,1.0,5.793186765883694
0.5787674195882908,1.0,1.0,10.412074202097246
1.0,-0.8556998014188641,-1.0,-10.533901197670549
-0.5002686564313017,0.37059911089543385,-0.6100245486628335,-0.7948980808316566
0.39966628438131013,0.010796126352210944,-0.4739473767046396,0.251249622055288
-0.8374153850557615,1.0,-0.15360406679039107,5.323939534354471
-0.9088424628192588,-0.8709477792402411,1.0,12.152295280321038
-1.0,0.27129526304955776,-1.0,14.549405443720111
-0.382923813711336,-0.5898378523530852,0.15033546377187879,0.5866019880420704
1.0,0.3123435824473637,-0.2378098038007339,5.326377521219482
0.373108541542718,-0.5432788730421114,0.15991945243964567,0.7703215823513119
-1.0,0.5944111243339913,-0.40941652915971805,1.1628447712869336
-0.982517502030418,-1.0,-0.5397964363323382,5.953020812611923
-0.6836018492043257,-0.900495534310767,0.7692680768709501,4.159826847864061
0.2073135386670515,-0.680522202796692,1.0,-2.915857644450525
0.916180034675002,0.12965036031140675,0.6866640133251496,6.393440458872152
0.8769179393664304,-0.6391479371143458,1.0,-0.5144396714781434
-0.45199237708315576,-0.4893695891666079,0.16403937393653312,0.37487836906487365
1.0,-1.0,1.0,-9.72488981955418
1.0,0.33228827063130617,-0.34089941644653465,4.391287302513785
0.34099570695444004,-1.0,-0.37858571683739783,0.12938439506955804
0.29164989209250347,0.10334792865928444,-0.5934115392487449,0.9101733628193074
0.9099913666395483,-0.2425908468886342,0.15758378720360589,3.4774973013829347
-0.5267152783865199,1.0,-1.0,0.8469932004044074
0.010743011592460938,0.5077340164119222,-0.009553391659530286,0.12189134361962428
1.0,0.8955486034476192,0.5773047274234051,13.242963063187531
1.0,0.23441617641460932,-0.45371057947563487,4.291719616360685
0.6835274026331897,-0.34938445105417903,0.05585974080134326,1.2688976253868203
-0.8671484727844541,-0.2916005467824949,-0.8350089791601336,3.1635210431163516
0.013312308828818287,0.20530643182313013,1.0,1.3230256138269678
0.14297384521603385,0.03811400028276646,0.2526420533659097,0.8645886846543773
1.0,-1.0,1.0,-9.656815207416233
-0.9934443709615726,-1.0,-1.0,3.0283187610464726
-0.2687034417009906,0.6433064740935,0.22268112198002887,0.14341679111365982
1.0,-0.7293230063131593,-0.4082951005098061,2.1226903338517022
1.0,0.49813406915963854,1.0,22.37229968925865
0.5617913489321271,-0.28215927022929366,-0.0819791918570194,1.3509629255746711
1.0,0.3972543999260292,-0.4945425369106742,5.833932092753532
0.4236147206466323,1.0,0.29418666269163873,7.023395005112757
0.0558657338096924,1.0,0.18224181409027795,8.166572791487894
0.6833366397758704,-0.06826031678010258,1.0,-0.4714680417925806
1.0,0.18734485064860196,-1.0,9.842842127411103
-1.0,1.0,0.40570688784013687,2.7747363945704837
-0.7823799920526608,-0.06364925409514988,-0.06755019832472642,-1.6831325353650326
-0.10983336964260326,-0.07815187981028737,1.0,0.08309790723275985
-1.0,0.1392087398051769,-0.2825459926039713,-2.9980655846041087
-1.0,-1.0,0.24515000751987914,9.329706401168707
0.5032541962446586,0.6605583327429492,-0.8107335351035401,0.9569404355439545
1.0,-1.0,1.0,-7.820594103443284
1.0,-0.5091342300803436,0.9243934117953623,5.914168738725444
0.8092866512222874,0.08543968405566171,0.12777422479253708,3.0939175019256373
1.0,1.0,0.987671924993023,25.683893530976302
1.0,-1.0,-0.3091060705440931,-8.626173542431822
0.38656395802352495,-0.0985365428956897,-1.0,-3.0385058293913247
0.08987334677871828,0.39344970697180837,0.9341663482196874,1.4046406445086959
1.0,-0.3078057721671692,-1.0,4.530347467890206
1.0,-0.19879968989574404,-0.7468440214533327,6.591763336294783
1.0,0.4331256083240418,0.36820242499925504,8.192627180861571
0.02245568462972991,-1.0,1.0,-6.7078254646995825
0.47385017120548123,1.0,-1.0,6.433599378679518
-1.0,-0.46371876633951037,-0.09495028479675871,-2.125187755623088
0.8209565703699935,-0.06767350585623522,0.15923258457501577,2.710996968288064
0.2750515926792514,-1.0,-1.0,-19.53810492328308
0.12285745472830945,-0.13822022574432324,-0.3740664571900527,1.3202229739652225
-1.0,1.0,0.9133158933453807,9.308250277817388
0.7738409276348917,-1.0,-0.9594417416226377,-22.878438592973627
0.5045471165365862,-0.16842453692172943,-0.6245328197814275,1.532041186684269
-1.0,-1.0,1.0,22.089049635449935
0.42276294474970255,-0.08844859623846246,-1.0,-3.40267368323266
-1.0,0.6137475487562116,1.0,6.991078398922504
0.9931089310969243,-1.0,-0.8977240013949805,-21.725657299591415
-0.4902255268499105,0.6379459999137322,-0.9776850465607965,-3.109755674696255
1.0,-0.2820933687375977,0.7096675038745028,6.67475423493454
0.4439782923554736,-0.16210772504175242,1.0,-1.7154863117145585
-0.24893588599591254,-0.1635778332937965,1.0,0.7177539463145015
0.7799739558377998,-1.0,0.4896645637821244,-2.6800761440328573
-1.0,1.0,1.0,17.209976285823444
-0.5076223468953904,0.2759432227166587,-0.9211303261882477,-0.4697842170899621
0.2839438720725669,-1.0,0.8460885472482913,-4.1126555640923925
0.8862427157885358,-0.38607656989843564,1.0,2.496030925754072
0.29597020588694156,-0.9788982040997785,0.012545613977064995,1.30536506785832
-0.7630989153280558,-1.0,-0.43406704942802854,4.094305300946949
-1.0,0.3911230021035572,1.0,4.033119856823733
0.18322253747032424,0.654636070383535,0.6928589554230284,1.3083404913442171
-0.8253801456054655,-0.8767149397205294,0.7043812695238079,6.892018096953844
-1.0,-0.8250879057668628,-0.06865186538497148,3.191965595711845
-1.0,-0.012007723250249791,-0.6179303872879767,-0.5294410893351676
0.24745572730337617,-0.918855295200633,0.7602866081605777,-1.531196180631699
-1.0,0.6951055054725792,0.7957539635312658,-0.7267298781886048
-1.0,-0.13142634723254787,0.8469778683091609,-0.11098621640164888
0.4479033993364159,-1.0,0.8247301961513893,-2.6829986416973926
0.14438820407737807,1.0,0.4789372628460786,7.759238675935012
-0.23814258419952905,-0.08923107646641815,-1.0,-1.690558350285027
-1.0,0.5991100449645341,0.5254724628280003,-4.199104217745782
-0.0696405360313983,0.027304991424575098,0.6244552535602383,0.10852964391441353
-0.2889237688319153,1.0,0.20355823348902646,6.574119373011352
-0.6654759293699692,-0.43045787563372917,-0.8595506005414975,1.4579161552659476
-0.34902503383591577,-0.36760987093365993,0.16504355986050556,0.3651240564251081
0.21959070978984552,0.3932428781452679,0.26666070282892407,0.6486823614160683
-0.687462334103393,-0.09405254294227383,1.0,2.130981175695874
-0.10038637138569095,1.0,-0.4452549058061033,8.556497572997074
-0.7234475409938006,-0.6586981795781941,0.15179667191493973,2.03151713325907
0.44240337298277743,1.0,0.8872069457738536,8.90515236652621
-0.15033150881655355,0.15817668317197087,-0.010287479257206966,-0.05662143372832082
-1.0,0.5180330767371542,0.15139280819274292,-3.623767608068842
-0.11093378036799195,0.0021821487635504955,-0.3253767826737919,0.35867965531070956
0.6054960842322559,0.8781502557685898,-0.15407427836034437,3.7375341960689665
-0.30552751508063336,0.646330051309717,-0.7300001610485238,-0.40232050058135693
0.9864279122246262,-0.8114284670896605,0.05168322296499239,1.1702679032670271
-0.6047662897335437,-0.14139852823780474,-1.0,0.593759485329088
-0.044577281912825395,1.0,0.599105218713569,8.964611989377097
-0.5290050034989078,1.0,-0.1477580598882824,5.829645335208926
0.16225048341129122,-0.5504007267292106,-0.6720789678168679,0.9907367155680774
-1.0,-0.6623293985928853,0.3753568184688516,2.1595295650506348
-0.5383387046933881,-0.6988337545055743,-0.3401267570242823,1.8687231638439243
-1.0,0.8840326906327154,1.0,13.749471712400705
-0.16383623928824886,-0.062227549823635764,0.36716821614603323,-0.19597231039266919
-0.28471219406704806,0.8687610073852872,0.8402613765221119,5.990947421320673
0.29960157906707474,0.13570616865843643,-0.19316711405956477,1.8092246770016747
0.9871735077279735,0.9036121623945756,-0.15134102746869327,10.317295147718239
0.9275475055187066,0.21960703657502934,1.0,12.550701195104839
-1.0,-0.7645683743862786,-0.36197231886411463,1.779295313472854
1.0,0.010325018508455575,-1.0,7.9626843414462085
1.0,-0.4875509142576837,0.6608785195125946,5.036638450389864
-0.09674958528962718,-0.8053472268145498,-1.0,-10.459788928723627
0.30449514408101086,0.7954358802139818,-0.2544637659408382,2.135062670724605
0.1357413365226381,-1.0,0.0579404959986749,2.670295643511904
0.18087684428771222,0.881382030678435,0.6185701318724723,4.8335730621352715
-0.15518285653996866,-1.0,-0.3646713046368699,2.0627019919586287
0.41934229815188884,0.7361065490035017,-0.5341923265855533,2.305928295626099
0.03632920065093015,1.0,-0.8024344169541786,8.950209506878187
-0.49788557476495043,-0.180666600685367,1.0,1.348548079303845
0.7999953087803409,0.4786728358759149,0.4663003775436796,4.093910433229307
0.4456879205978057,0.4472479768367399,0.927426516109005,2.769044667380582
-0.9874284091464112,0.25794183431831796,0.5612568326610325,-3.9784811835955116
-0.08036319789138457,-0.07810683952739583,-0.9342344333385662,-1.7758950216533407
-0.2984043109201673,0.3131530151856672,-0.4969855610131213,-0.06559526796406046
0.476991940301543,-0.06455717048962173,0.5906997672713827,1.4039749270982822
-1.0,0.26871868582325575,0.04369182928560722,-4.668291807989631
0.4796961074172752,0.6612962492573768,-0.0510659291936264,1.7819036642162793
-0.6703520781386889,0.5273866003048719,1.0,5.048808098017463
-1.0,-0.7996530423671573,-1.0,4.66745523666912
0.10316887674782649,1.0,-0.6098947085146535,10.4430592376119
-0.7925834697601695,0.29572536657672166,0.2712964953600112,-2.6057351421342148
-0.5602022265839497,-0.28453644857641835,-0.19476323360419068,0.7837446116248028
-0.496794649372877,0.1388489225924845,1.0,2.0356344060389966
-0.3283485827842707,-0.2424392625312073,-0.2556003837527252,0.4580654027147359
0.600823201620085,-0.1622046037821252,-1.0,-3.6661327649669246
0.029253336462893298,0.41689466433560596,1.0,2.641903697041801
-0.10389030700903201,-0.2934592517595278,-0.6742364395258218,0.20277415785726144
1.0,0.5748318363020539,1.0,23.880230098239302
0.5130059319040063,0.8039239436282386,0.3220691508387443,1.791755477981352
-0.3880458364835133,-0.7938010023973108,0.18349111136896412,1.8222899291064083
0.18287116864488162,0.7889743344519744,-1.0,-2.9571603239186515
0.09695839796917549,-0.14288014312603892,0.929895008999662,-0.864889819592201
0.788972480310699,-0.6810147026933426,-0.825559347456984,-1.647504600928848
1.0,-1.0,1.0,-8.663569930354436
0.588300922906881,0.09794074409656361,-0.3623102048015667,1.3921593975593898
1.0,0.6797279876681723,0.7825765501086264,15.929581883431863
1.0,0.035924360947165335,0.48143264631668337,6.39240179767964
0.4861210749218414,-1.0,-0.0253871042226248,-0.39207885906863527
0.1719525754350264,0.41143594364381664,1.0,2.292311756392765
0.41201632748832595,-0.5237924397813347,0.7382586606346382,0.29070625511015663
-0.25235856392192324,-0.4774933969231556,0.29946563413400984,0.7133024724108217
0.8369696444768644,1.0,0.3729603376280137,8.823811643620425
-0.8448724414966402,-1.0,0.24831676065858388,7.513664331419439
0.44405991592371996,-0.4258650280059597,-0.2057378591268617,1.2973878891337685
0.9522314511438164,-0.8147490097382684,-0.8097211709531349,-2.164903167273119
0.4217281518065106,0.263967662349474,1.0,1.6183649005149872
-1.0,-0.4110594416192903,0.2150236534817569,-2.459066231481084
1.0,-1.0,0.1763274807858226,-8.129244176411103
-0.4090416977145739,0.9794297961873655,0.26403491476351837,5.003210632424088
1.0,0.33437256932186354,-0.49460166236890135,5.283554318246382
-0.4340131379832537,-0.7015158953164984,-0.3836130886017888,1.912143765956063
0.211114365572717,-0.6550173212534673,0.9449323529095044,-2.217970541888979
0.5667674197368506,1.0,-0.7388159651672359,12.43591081496531
0.773962603282121,0.9174534088020143,0.05366355959411062,6.168846894411811
0.24097727971796323,-1.0,0.7875545493367853,-1.2398979547914961
0.2484840424285919,-0.36054806255993754,0.6105152733420673,-0.6020763547096555
-0.7583766172037951,-0.5469967875138741,-0.8496532033522664,0.8389485115311881
0.5962219177928403,0.07587316528251531,-0.3998406874694236,1.2094263608434914
0.8348301228422579,0.6404698481877453,1.0,13.570872735691708
0.8057518211359505,1.0,-0.3307429148868659,11.948366376372604
0.1401504774804887,-1.0,-0.009341269316790024,1.7630511861268454
-0.1500327952269751,0.4155134564228711,-1.0,-3.833379417870219
-1.0,0.05170353294743579,-0.43097800826006094,-2.4844784012345813
0.29869160479025036,1.0,-0.3963187686605698,10.339143169627155
-0.8196078490083201,0.036940728954686586,-0.9797972602921006,4.459903108293213
1.0,0.9284366292001349,-0.754840260371519,19.83644776913152
-0.29625408724333346,0.33135690094557235,-0.6867707800720477,0.10379072140204959
-0.3540774463403331,0.1634592231076628,-1.0,-1.5732882525150784
0.4262698439105239,0.7620350643950906,0.5237586057724959,2.127872747560698
0.24293138342539677,0.41920413583870686,-1.0,-3.398838410423136
-1.0,-0.7954703642720307,0.06275021548583437,3.286831907475633
-1.0,0.41578521857692285,-0.3857419322994029,-1.866792457172673
-0.5238731371872485,-0.6040855588673659,0.7875010362556014,1.0544807307308388
0.4303499778366744,-0.1220101783516856,1.0,-1.6645505545317274
0.8418436670825185,-0.6516486928997594,-1.0,-6.913726517862469
-0.11769090822783057,-1.0,-0.27325096933566684,2.3126859042716035
0.33909119810069765,-1.0,-0.5602357305279289,-2.487884533115024
1.0,-0.1589716469549891,0.9090715272922139,8.887482185024577
1.0,-0.27212647937128787,1.0,7.597479470786029
-0.18564008835848256,-0.13582886853750886,-1.0,-3.3265105487944533
-0.1322185208082698,-0.6197046067377925,0.1367861358374478,1.5476152932614964
1.0,-0.6674344009487974,-0.3889702841565559,3.269812466737064
0.9614183965464875,-1.0,0.2698299381709277,-6.329081369989916
0.6643645562653222,-0.9865447711805169,-0.9559156317629254,-19.375383978574092
0.15227799960267885,0.6627199633092613,1.0,4.400421481941019
0.3702277417522388,0.8448221200684907,0.11002028037468681,3.195882244729409
-0.2107981926997613,0.04083924503692171,0.8849064971932474,0.15470096920192097
-0.7284208354312001,-0.9998826216909187,-0.7006085363797769,-0.1838941635391902
0.2769286054347666,-0.715415618867933,0.537456763201948,0.6988939872173183
0.9955073056596611,1.0,-0.027092420687117036,14.156162475889978
-0.8217488573258493,-0.43577452869687927,0.027711291898494084,1.004726762010821
-0.7287928514720456,0.889503547841717,-0.5386226229624436,0.41571311783639886
-0.3215032197883665,-0.9012406776428621,1.0,-1.9098127690952356
0.37167906323974575,-1.0,-1.0,-20.339049038736423
1.0,0.8351302700661678,0.08210784371823943,9.631756730117386
-0.19798993580479873,-0.5265502489742047,-1.0,-5.796513681043036
0.24327890688323595,1.0,-0.08595786678980732,8.728933944949594
-0.5297840690938191,0.40778768138203914,-0.09308924514969275,-1.2922599583402195
-1.0,-1.0,0.4430035273787112,11.390411105474458
0.4405599982234438,-0.19653622466141463,-1.0,-3.8560022097802134
0.27730093138024325,-0.0712926611989051,0.1750476750387342,0.6776877764661039
0.5197344926958156,-0.6130339459889504,0.6364029193942458,0.014659980860140698
1.0,-0.33904888955011137,1.0,7.143529590973586
0.06672797405989783,-0.22947548188077493,1.0,-1.5776289079422787
-1.0,0.7538442730958943,1.0,10.17170638688922
0.3796989681814882,-0.5916316424236558,-0.03169602736413113,1.0312449280842129
-0.6041217654904301,1.0,-0.22675499179660563,4.974861885085832
0.18606817026488298,-1.0,-0.13244002174128489,1.2143559166713196
-0.6414631825952635,0.13858919940869563,-0.629354591279639,-0.2158453753782693
-0.06233966368411181,-1.0,0.8850657462152463,-3.6476262167617697
-0.38632964937282366,-1.0,0.23574674349039837,3.6119271107134017
1.0,-0.16443833857096002,0.9754118994653085,9.460739413227346
-0.8755554764597773,-0.11318202218463558,1.0,3.8864154703956215
0.5999725042606143,0.385703094470067,-0.1920448559791228,1.9781626620239887
-0.5927351978450714,-1.0,0.6482497640055662,3.2203494109171436
0.5975634756003994,-0.7183291306200055,-0.37053350354500125,1.2380084280684558
-0.515411104401883,-1.0,-0.2633792147131828,2.994472351939956
-0.6299484889324485,-1.0,1.0,0.27739275191338464
-1.0,0.49707888409302203,0.9106043626180156,0.45804285176973436
-0.46539032290144067,-0.5852287473082076,-0.0951181536583312,0.3304210290328139
-0.20873769856558444,-0.9349711001025447,0.06833650636941146,2.618727483796865
0.05743481700184638,-1.0,0.30126107672238867,2.8449343144558297
-1.0,0.702740197004518,0.6208967576438622,-4.050069491875897
-0.5246972261280507,-1.0,-0.6538250359182793,-1.2450371924505494
0.10685534354752568,-0.1116029215735066,0.9607505056769698,-0.5745420824175652
1.0,-0.11664899837468679,-0.9965097972090109,7.993884062588572
1.0,0.10893834350308862,0.2548165774570592,5.049262802385694
-0.8595558609917722,0.841069753933749,0.6605932227140525,-1.1721120458075152
0.35872975073309576,-1.0,0.5299404920675805,-0.36252104592034096
-0.06866376779537209,0.7394602290417254,0.2899907504578356,1.073608637054172
-0.47140988662345684,-1.0,0.9778918894699582,-3.5214860738168516
0.18482717469145782,0.9490746223594388,-0.1800969484736652,6.737830747839814
0.29123638731558277,-0.41297119281196837,0.6614275664058216,0.6652517243247066
0.2523349758683979,-1.0,-0.5764780413742225,-1.91348137232531
0.5530527007474773,-0.5546546351700632,-0.2136741918474061,1.8402390173291
-1.0,0.9694364629612273,0.6213054763884753,0.2279677253403206
1.0,0.8706295880462991,-0.6365812388146632,13.125557690817915
0.08535598888308105,1.0,-0.9129946095512511,7.4658294699867715
1.0,0.6635509925041132,-0.42938945952955976,6.285775597688704
-0.15204849911002216,0.047847397992605734,-0.41121189497992594,0.2276270540657903
0.4278753601405958,0.5422737349625351,0.031713519900016696,1.1252343182486422
-0.7280192057498003,-0.22749215597518302,-0.2946106362850305,0.2276165233822877
0.2527820121064601,-1.0,-0.8879652733322148,-12.082470839105632
0.2746686062100536,-0.10295597392831346,-0.39893274200808637,0.5768863019599052
-0.6825331480164438,1.0,-0.10523553687387888,4.288318898226466
-0.17252301187312868,0.3385796698348644,0.15133038683690314,-0.29194687636573813
0.679178733299217,-0.8079062495013507,0.25841145616990446,0.8807467614067896
-0.4167135904896191,0.34992485676969154,-0.4042679633364237,-1.0577043583634276
-0.4732618731733027,-0.6092891403172189,0.7837869581250025,0.8479459995544191
0.14372418165799083,-0.24837736274666056,-0.8078402638159106,-0.6990505254353588
-0.29037262183425305,1.0,-0.013535250384534292,7.0020953890171995
-0.021826255375481995,0.18301988235966804,-0.7405855097694809,-0.5279103054704497
0.60740560108995,-0.29747667190216354,1.0,-1.9265102454902403
0.8724435126621248,1.0,0.49530400082620263,9.899709624999355
-0.10734432576296693,-1.0,-1.0,-16.139265861137133
-0.05387664307946283,-0.8282570066970849,-0.059387666382550774,2.457885291511616
-0.9210841178495899,-0.8147456879954131,0.8052369688856749,8.321688125099742
-0.48107871185712603,-0.3233051234423847,-0.26074318241635286,1.1978064260693255
-0.547812931660596,-0.19081564216503955,0.009825215479097427,0.34006836202498647
0.2822586671013829,-0.14231003259618014,-1.0,-3.2915681344196748
-0.8949396863611556,-0.16086992941613976,-0.8961254754617956,3.9431696669509235
0.9576860871813404,0.2640283482555179,-0.5187179867256009,4.000575591778072
-1.0,0.34541976449873957,1.0,3.6182438357046
0.31908620365169194,0.15291927430542285,0.8515142659765498,-0.5071214913021201
-0.7560819473930611,-1.0,-0.33167540830738096,5.27505100236141
-0.4089565988033268,0.4473041673147886,-0.2016073290241882,-0.7663518725390014
-0.7789120628070534,-0.5934229221954619,-0.4353278339511788,2.1952030988024798
0.5363273899330185,-1.0,-1.0,-22.851930678316428
-1.0,-0.9163569804907354,1.0,18.757220407994836
0.4582645805228627,-0.7043080718746726,-0.6220421225003319,0.4675670971706576
0.6697771532976349,-0.006505335352073649,0.03920268168690644,1.7454557890834526
-0.18198835812818803,1.0,-0.3823278504920218,8.791353118145802
0.6872354522118542,-0.32281744851403693,-0.5135854359299667,1.8869249247744229
0.7732112234108031,-0.05462674298184833,-0.9440702364485705,0.7383761644678939
-1.0,-0.4856562748157145,-0.9691201345469476,5.792453727383924
-0.8348659694386058,0.7853520524299822,-0.3014168682534024,-0.8336415986783078
0.028689117196270653,-0.6527914956771956,-0.11727308338276177,1.6086795784486587
0.7700679557873691,0.5022568945321559,-0.28891366720841516,2.4835780760138415
0.14018951035077998,-0.2765575417205566,0.17906855145049216,0.6419527173244582
0.5414337962224902,-0.11015612343289072,0.5673024710727996,0.8870671918850473
-0.8334044355618075,-1.0,1.0,8.924338327260045
1.0,0.9173119082939643,0.5726580927343983,13.319997549051939
-1.0,-1.0,-1.0,2.936392274661812
-0.510956103286764,0.33282350407841754,0.42884550862552495,-1.7340787577550913
-0.3071431126087798,0.8380579447567311,1.0,9.015314002714762
1.0,-0.015623127644280865,-0.814376253265676,7.19034435969212
-0.7077254878847739,0.9640523249692137,-0.03999455997857204,3.0944182632443824
0.7405601905583179,-0.7863182481723738,-0.787910511298642,-2.0547364014857856
0.9984290544654661,0.1846741558687317,-0.7108016852360755,6.997610900336081
-0.978809037498825,0.5285636883791256,0.2613574776628169,-3.380850518429551
-0.20540840549815087,-0.318655502930707,-0.43386385780871084,1.179860976203789
-0.7620875064862482,1.0,-0.5819980150471908,3.711643645816056
-0.8664226129338308,-0.6878351108070258,-1.0,2.004528431395987
0.6703646385672677,-1.0,0.4842300523456575,-1.511113989930424
0.5228948652098642,-0.11955585004586156,-1.0,-2.4497969720079054
-1.0,-0.6897375183817456,1.0,12.813253082683929
0.26487756114067573,-1.0,-0.2949101003635439,-0.11066759754935973
1.0,0.03321212800027684,-1.0,8.173989265137083
-1.0,1.0,-0.12496678915158088,8.726118721847058
0.3250438535024831,1.0,0.1931337017545791,7.566095446344896
0.6071497833845958,-1.0,1.0,-6.680780312614899
-1.0,-0.6070350465917422,0.501751903243548,3.005786318081209
0.08307957368331809,-0.9712786332851828,-1.0,-16.409302281837494
0.7385341503398524,0.13377706524055855,0.08931397916368855,1.898539248093463
-0.5212516856971539,1.0,-0.25467573741244554,5.715087285358973
-0.7516596602422367,-1.0,-0.8281447909609632,-1.9186028582105064
-0.989098484205035,0.3642849149590992,1.0,4.330413323070411
-0.3496540687036751,-0.3416379030359262,1.0,0.42134398708095006
-0.05638317838794271,0.6562183898245408,0.8474432679272068,2.7100118921887844
0.8880878247392798,-0.49000285941329014,1.0,1.253712741853825
-1.0,0.7035784764533655,-1.0,19.7351616581739
1.0,1.0,1.0,25.639993274303887
0.5311384089907705,0.7902086419481626,-0.26263086275412006,2.031452675387784
-1.0,0.1293343428281042,-0.83472799111426,4.685828642392003
-0.7555689988766585,-0.4545112579689474,0.5494888951407408,1.778212792954558
0.04456792197000925,1.0,0.4361937600325305,7.045947202343157
-0.6661085154528035,-0.15009231886362362,-0.25824386620011386,-0.4586377015226185
0.6740437764004132,1.0,-1.0,10.533349738536446
-0.23437425829165948,-1.0,-1.0,-15.311632284332775
0.7890447250160384,0.04098399790211671,-0.7647027561964288,2.017489898208422
-0.2806362079257805,0.2759498551777986,0.8720227776748466,0.36484420072398793
0.6416195859838165,0.49430946758888417,0.5833359268520439,2.768484020180451
-0.9577535641000565,0.4801431883477838,-1.0,13.169967765791672
0.9233925339373574,-0.30611180506968916,0.12192529920225059,4.3206102966550235
-1.0,-0.5319790832381504,0.610553039030963,2.125412028872579
-0.130995049324941,-0.2895931695010152,-0.09744299222466135,0.9554452712648263
1.0,-0.8108514012950734,0.3956587838455621,0.8287939701952122
0.37814052753322835,0.7731290987635324,0.4285925124044274,2.7196512404710287
1.0,-0.1612287215904067,1.0,9.981559085633847
0.12476188763834917,0.5788245823437645,0.45711599294399385,1.5231019752357473
1.0,-1.0,0.3802924127813614,-7.1077644783160014
1.0,0.07322876434677483,1.0,14.46404563249879
-1.0,-0.16044864625223165,-1.0,8.908782791752733
0.5918799505087982,0.06094003538572901,0.14540509838294358,1.500053098732262
-0.9423004147065186,-0.39196497105426853,0.635667019238711,0.4609209298528667
-0.8527660853071304,-0.08221188253340861,0.38898174599621527,-1.0980425272779155
0.5476818392549923,-0.40106260634058,-0.6688149302904534,1.1222463090297266
0.1884737503347469,0.598621786676989,0.06262586513751578,0.29108204849012587
-0.6383591896643748,0.5804771025232276,0.09878646726092044,-2.676444151043777
1.0,1.0,-0.648922334529421,24.18155102020718
0.6000620020018652,0.10507532950551068,-0.317620307648804,0.2143479106051902
-0.20513960662876385,-0.14796012864367514,-0.051580662834525004,1.4600262135668571
0.4164443713095578,-0.7889725051817911,-1.0,-10.441393578956074
-0.5101935335963197,0.027578816906431047,0.2518314025487045,-0.9385194049572934
0.4305390916965144,0.22019664863895705,0.093853822734008,1.2560250147268763
0.27284966139881606,-0.5470387679565987,-1.0,-5.94758510678345
-0.7966490233753636,-1.0,0.41829969381777254,7.60436695415071
1.0,0.29143861179628305,1.0,17.766191888425837
-1.0,0.9009377880094069,-0.24942621994928071,5.557363845226318
0.31049755734360796,-0.5808365109430578,1.0,-2.6959648962301004
0.3438243437484412,0.33900282146550076,-0.47326391241997756,0.7946691027280794
0.024079992840034592,-0.8617338192637993,1.0,-4.352381435210391
0.3173733203665119,1.0,-0.4815508357069527,10.306392023447028
-0.48949473261808807,-1.0,-1.0,-12.280786623655887
0.4074306806193604,1.0,1.0,9.825553290920254
0.11026782007868752,-0.2502572166363979,0.1919411273840077,1.8224074770099628
-1.0,1.0,0.17807565912571044,5.272783066317541
0.9226972692458151,0.9171000714071091,0.394691206989358,9.565345576899672
1.0,0.7855090894030872,0.12602290770632774,9.416901719727468
-0.5601171777327227,1.0,-0.7028804024114679,4.671030546516892
1.0,-0.5168781343755369,0.6953494688675537,5.078859186026541
-0.8300567076671395,-1.0,-0.45643801313051724,4.585720370149761
-0.054573093754457735,0.30837827679291974,0.7138226307957782,-0.07410436028242809
0.9656136994754267,0.11596279964082257,-0.9486905075035723,7.332902199637014
-0.7420144875154155,-0.782404896512163,1.0,4.80875296740042
0.10556035104090622,0.11580887663511108,-0.21739230083654015,0.15708679016060523
1.0,-0.43656142752944715,-0.9381238863978274,5.689092873155582
-0.07210997440732902,0.8400535716958324,0.9094147629425566,6.8574762624021135
0.3476649125479838,0.18776308990688917,-1.0,-2.5393946654187265
-1.0,0.18213695486890868,0.29658382517962956,-5.014209864191945
0.9382709930283148,0.28115123281430243,0.105177959091173,4.967096792742515
-0.9572827652751887,1.0,1.0,15.734872446889081
-1.0,-1.0,0.9324058572960927,19.98017485829337
-0.2211243253197539,0.5868550950983087,-0.5211004483547761,-0.803729000739737
-0.00020374274959666927,-1.0,0.15634100839096043,2.268221222287154
0.6095581559414358,0.0487277883543229,1.0,-0.0671694025687799
1.0,0.2852855689087359,0.16400479114264033,6.096090754247749
0.6650470686471257,1.0,0.9176694068136013,10.846660305042398
0.7342394442082403,0.7209476675121396,0.37516939109740055,3.546877865362874
-1.0,-1.0,-0.5080292775255031,5.051748026786452
0.29094676975818534,-1.0,-0.05059264412660802,0.921929031450093
-0.10302732919625357,-0.7351169646111986,0.8111938241757979,-0.26095817169290486
1.0,0.018875126112149587,-0.2516801444918968,5.072809251053601
0.5180723432632577,-1.0,-0.19487406990168,-0.6441781792390003
0.08240562370224236,0.9853854037432805,-0.09003689097112666,8.408124726430282
-1.0,0.9041472636948231,-1.0,20.3308389118518
0.15069393391853314,-0.12103911925116795,1.0,-1.175946181222982
-1.0,-0.069171088541079,-0.4875201566333347,-2.0733685754197184
-0.5442238476125212,0.07833600423385478,0.6377404936597653,-1.3781362851667962
0.2104735000703224,0.3310005926779762,1.0,2.055435537474712
0.5629948432726091,0.3476518736576648,0.1821080158184134,1.4244571077999186
-0.6686726685799731,1.0,-1.0,0.6348450177708431
-0.9712148795718774,0.14148571084252626,1.0,3.799181707273906
0.2424521605989689,-0.8064195712372924,-1.0,-11.592383664277117
-0.02731429864658863,0.23127055094683158,-0.3031724529326565,0.5178963160709356
0.6834373520508574,-0.07185072835845463,1.0,0.3393128978477232
-0.5559444075914086,0.0014981717602902123,0.5667451140534931,-0.4623243681118553
0.45044160298535973,-0.6336830876055612,-0.7916135521023682,-1.7744347581426712
0.6270830204815636,-0.8246780134710832,-1.0,-12.420168088262717
-0.37453301047600984,-0.5413091353331021,0.8039100993474428,0.8328250658660322
-0.0718300706149293,0.5382491423416635,0.02789511334653505,0.6324551950428889
-0.6061525076926892,-0.08490371533630636,0.44924509928556544,-0.13843754045505874
-0.43710670186393097,-0.18733691398089647,-0.4011084971389529,0.3595955306040664
0.8423552580549449,-0.6907346250294988,0.20015097788872982,1.1493468318387323
-0.7461810243599938,-0.8940677040532836,-0.14796709561850796,4.57062135691865
-0.009180190122384024,-0.8582961005051755,1.0,-3.757400754337397
0.015043950019207442,0.1423502157375911,-0.32360832736777856,1.3480832473866255
0.22799532373343734,0.6023217179835061,-0.5880134401146315,0.13269923486817958
0.35823751289864747,-0.5694538511676237,1.0,-3.5295396793117964
-0.2811897877302576,0.005855201118156073,-0.18463510903888047,0.023995324306289062
-0.1856979063776545,0.9417193098496524,-0.48105582603050134,5.692484327646901
-0.5005532100488481,0.030898200042801083,1.0,1.874948527400245
-0.05362290003247727,0.3100816091140699,0.09804812282991127,0.13410376694949727
-0.785930874438336,-0.6706750474017211,-1.0,1.468076025541176
-0.021538140718702747,-1.0,-0.21124107500867306,2.8298285586099667
-0.1363415983589642,-0.5126801242429966,0.4763625055972007,0.4099217714366741
1.0,0.7715031650844317,-1.0,17.585491930895582
0.940803001454912,-0.4935120974620628,0.37343382416317206,2.9329809838084175
-0.7423396300786826,0.8243723538940935,-0.4770177238857036,-0.9124794541602818
1.0,-0.9436927884450388,-1.0,-20.82826901161404
-0.30713298821242563,0.7228778352159273,0.5968987935717567,1.1617084021445694
-0.2754234521017189,0.7206252718006609,-0.8652143364583331,-2.0747339331039742
-0.4654603882000381,-0.6327817359858121,-0.30475932241696424,1.6924570332795685
1.0,1.0,0.27094737500249333,12.903238167875088
0.24891590536597508,-1.0,1.0,-7.292697758011134
1.0,1.0,-0.27915068463786175,16.85976507548167
1.0,0.6882324692793345,0.9497421094190173,22.66443417163804
0.8252031566471134,-1.0,0.36835282388151613,-2.907071431765856
1.0,1.0,-0.49432222167611806,20.625969751860037
-0.013612269266718213,-1.0,0.13958451593368126,2.3801929054378816
-1.0,-0.2007758987476882,1.0,5.442373947625812
0.3387932932172246,-0.03564070094003369,1.0,-1.6399324095236476
1.0,-0.06909610746308736,0.5210110281982405,6.806549494515276
-0.5687870261705887,-1.0,-0.6234798842460838,0.9110607378971444
-1.0,-0.7375014497785155,-0.6028351304868274,1.508906522754408
0.7779155539111287,0.25086311619970236,1.0,6.0124069378234
0.19953399295701568,-0.4835703524901931,-0.25653969388216136,1.1072311718054326
0.21484514395080834,0.34527781803657853,1.0,1.6078692728319839
0.1824170935313445,-0.32965642849244725,0.734200859312828,0.5416537902472534
0.2787216628230904,-1.0,0.2512249313228936,1.263174946646536
0.7842438235034135,0.4532255046582516,0.21944086457552126,2.991733628821692
1.0,-1.0,0.822464412475499,-6.19709552595442
-0.6850393502508965,-0.09272503623801542,-0.1466738305959685,-0.9313162460247852
-1.0,-0.5746136597533691,1.0,9.400768533414325
-0.23303735004692294,-1.0,-0.5079243754615439,0.6549066994572561
-0.38221431959677776,-0.23131946264644387,-0.24228239552801867,0.4470289585042049
0.06098343176765919,-0.8115788836095272,-0.808095900893445,-2.936860369141957
0.029888282942634348,0.33120090026871263,0.35894199828200524,0.08402956332769201
-0.7926505411766558,-0.6909214451060217,-0.20962193606260437,2.3564485707784564
0.252704199448335,-0.6687313062560978,-0.3658645371917766,2.412221872851309
-1.0,-0.03103336048830907,-1.0,10.09363948617048
-0.7228770235374329,-0.4884373119125891,1.0,2.4910065792758096
0.7888326401029804,0.30885235426492175,-0.1906323229218878,1.6553715116588716
-1.0,1.0,1.0,17.242522594152778
0.8311658704007865,0.5659659145575062,-0.5566875628152048,2.4934943536276593
-1.0,-1.0,1.0,21.82034165829556
0.5183206264797329,1.0,-0.5942163625703598,11.475353431860846
-0.6894711906088415,0.13357810215825827,-0.37323258419621985,-1.2666890118706617
-0.20671454387511412,-1.0,0.32413148533462177,2.693773267099432
-0.3073286657836476,0.19867678835312286,0.6921720859231628,-0.24193460531336936
-0.3744474782434313,-1.0,0.0184615809398736,3.1086750325192565
0.3434416533678617,0.26860637859926584,-0.44413802929089563,1.7846956891315235
1.0,0.5139994085144395,0.9442603152168134,20.40698719549455
-0.16207476350366368,-0.12059294782330077,-0.07276254515506309,0.6097660420108395
0.5781398168955281,-0.2999956734491145,0.1231004794046322,1.503444942842106
-1.0,0.8177855704689887,-0.3660753492601696,4.240625636659349
0.18825831693579653,-0.548206716440961,-1.0,-5.983321719117731
-0.6019095449576144,0.7716998571646103,0.4499732895008075,-0.9010345285717585
-0.9951825009252413,0.04727731970209659,1.0,3.494332920248694
-0.8328766280950903,0.9235974007437497,0.09717564448219784,0.8121172928230562
0.2214902528677858,0.4322254718838905,1.0,2.6627146445826058
-1.0,0.42181065733018874,-0.3098426017118261,-1.439098197236664
-0.562268242950398,-0.3014522283790406,-1.0,-0.26958569772678564
-0.234046062203479,-1.0,0.5492672262822687,1.3587565733189257
0.7978441890064787,-0.9441863020342935,-0.5167467653098128,-4.7224562977421956
-1.0,1.0,-0.2589849870550942,10.976658554054357
-1.0,1.0,0.13812906748544496,6.29842314446118
0.17430281675331405,-1.0,-0.7310043756778637,-5.900680310966707
0.2184371424588023,0.3026872614080873,1.0,1.1660056891785473
1.0,-0.21054442902944204,0.762781225932111,7.062245511381765
0.537227278666272,0.15219947460664995,0.314070971639997,0.7679296884139428
-0.05396414242274239,-1.0,-0.31974895942601567,1.0317360145362395
1.0,1.0,-0.39399980025353876,18.835947119410555
0.36889873982731136,-0.9270928939251804,-0.4713646780108933,-0.11387063394037802
-1.0,-0.9366407390492169,-0.712983206254368,3.0850070191135
-0.11663345668543545,0.639123140879386,-0.4481101315949443,-0.08798193934203075
0.8127144985444454,0.3633267736836625,-0.2306255260690624,2.5700075341753457
-0.4163232245717372,-1.0,0.017445093679840706,3.507817574678492
-0.09157919217121302,-0.06840297473094248,-1.0,-3.251819423189946
0.7314455048665842,-0.5871637503275728,-0.9652958516389072,-4.782714517533357
-1.0,-1.0,1.0,22.007799415223108
-1.0,1.0,0.4819096697245213,1.6271911219139423
-1.0,0.46213030321417237,0.237329199694565,-4.718155067885274
-1.0,-0.9001246454697647,0.8790265309937091,16.439789248909992
-0.9150868525838773,-0.6787885496258632,1.0,9.499328403893129
1.0,-0.18393388233038266,1.0,9.712635641987164
-0.6519805374839434,-0.6797178773106709,1.0,2.6421440071256934
0.4942453722623823,0.36808302574433793,1.0,2.8760901876778795
0.25002402797031165,0.7989797557839389,-0.5014225073021004,2.4096504068024633
-0.21769299204153225,0.6562978470167042,0.7796112065612395,1.4958839641594506
-1.0,0.014498457328052217,-0.8997878935924983,6.049318324750899
0.4998571445568145,0.02274435390803875,1.0,0.08067068468443889
1.0,-1.0,-1.0,-29.890355470648082
-1.0,-0.14320646128046577,-1.0,8.949905731392773
1.0,1.0,0.04749733840692638,14.83233670642477
0.6695019808702256,0.08482828160705314,-1.0,-2.086844594176067
-0.4838455601098355,-1.0,1.0,-3.4388505928985027
1.0,0.4118514994890792,-0.05373655060915494,6.269866356554581
-0.728677167330174,-0.1389639620286347,-0.8969323063756487,1.9629544115780344
0.7411840937895351,-0.5603026023842801,0.7191829726107684,0.7342310437809791
0.13372494258963052,0.788953789492957,-0.24028953118786434,1.4409122367670557
-0.7898621090852995,1.0,1.0,15.938610226387668
0.7817854181821149,0.0004839614192828634,0.47028480162865516,2.8637751292726206
0.623271040048871,-0.1298504249686594,-1.0,-2.919100410669848
0.055492922680388856,0.9012344640782657,0.642356819581773,4.81777725219378
0.09798159009756024,0.2125554635085516,-0.7519900456277826,0.00667846383289411
1.0,1.0,-1.0,39.078056315100696
-0.19513389077566012,0.36315148677403974,0.19196094249779438,-0.0679084691177847
-0.10966455663593222,-0.13084878584026072,-1.0,-3.1667987234372403
-0.4453518897179627,-0.34219817007359277,-0.09298499675894134,0.8190099580123499
-1.0,-0.832595440123975,0.18943149579242213,4.585049052011459
-0.7481100641853244,-1.0,0.6599138299296594,5.470789603849816
0.34081887267431377,0.05749124902881175,-0.02438913524513442,0.6139876081710064
1.0,0.3241729866698475,-0.8358878314714344,9.123657413536982
0.6077042237907408,0.35445038292838693,1.0,4.552381144880376
0.872520081818511,-1.0,0.3192753905676655,-3.7016147795862597
0.5384254836714213,-0.97300397363692,1.0,-6.907605224109722
-0.033039028751278954,0.4854601527289917,-1.0,-4.201995759069706
-0.16845382547346222,-0.47979110993757956,0.7580359934286731,0.18263008473048947
0.8634005872414194,0.09981565581851415,-0.45477210445408245,2.4758422579131394
-1.0,0.5709925405904206,-1.0,18.445230440530363
0.5445190132321438,0.4697088286169404,-0.24849568521693466,1.2617593633261264
-0.686709220162192,1.0,0.4912527611546891,3.3975291080553047
0.06721445464720821,0.5339251172738402,0.1637365893672924,-0.602451652063779
0.9657972830844865,1.0,0.7877328634619047,16.789301835483876
-0.4842303439588209,0.9340889338531733,1.0,12.932302385165043
1.0,1.0,-0.08300835032972831,14.924974103312374
-0.6505514353129194,-0.050634481809172405,-0.24018221579875187,0.1382798460678969
-0.7626619319140011,0.48342018155830124,0.4518041062189784,-2.793995121573254
0.5817985596739712,-0.8208745704210323,0.2538366596776649,0.04310007662041504
-1.0,1.0,1.0,17.296658296966612
-0.41160642603995945,-1.0,-0.044007731338663314,3.753566385734867
0.12738073308264175,0.30448321069109463,0.3005509232612067,-0.22011700770817555
-1.0,0.007906388135628495,0.34904279815340766,-4.125483683805977
0.05322820068020673,-0.20308984228699134,-1.0,-4.589080559408821
-0.263832460515363,-0.38414320549225844,1.0,-1.3576914889336607
0.09845318621319477,0.49852637366030383,1.0,2.658338696661876
0.2257635360332284,0.7471612645408197,-0.5524559443004244,1.6010001630772999
-1.0,0.057892638307051936,-0.478161530568036,-2.098191732083451
1.0,-0.32880671246392357,-1.0,4.510779622310178
-0.09965351866243721,1.0,0.9677879130090903,13.182433937371668
0.37934037170030077,1.0,-0.8818351536461504,10.53543242051175
-0.15817941833432725,0.7438854316238057,-0.9122389350089568,-2.411823474981558
0.7260665495601026,0.864494290654884,-1.0,3.8043479060855536
-0.6346993787030621,-0.6795893134454856,-0.05576929381770657,1.714112680410749
0.08499556358837612,-0.5635330109730223,-0.7917335138214414,-0.5803508983910423
0.15796491821162695,1.0,-0.13646617940072203,8.67776828518707
-0.16088370001536978,-0.29837522894725654,-0.8001425009467391,-0.6040919706471973
0.3019194500747808,-1.0,0.15027062512286027,0.8961622648494592
0.11728459017131176,-1.0,-0.28116164086730033,1.5644069172370973
0.21255442955203252,-1.0,-0.6088672318088735,-3.911212260335412
-0.865366271464372,0.6547968992638065,-0.6133331089770322,-0.28161225532452683
-1.0,0.3005800260426903,-0.06669579209751131,-4.688578155512986
1.0,0.6046975813523583,0.4439113240141128,9.756010187723769
0.7524903967390904,-0.559335491783675,-0.3163999106868596,1.5721143407049216
-0.1594385174897135,-0.20620879867091002,0.7210070448157802,0.2784648020442649
-1.0,-0.20609086567859536,-1.0,8.056913359821813
0.3310297160428708,-0.4271359205751273,0.33512933745319406,1.378736260279979
0.18327903231286613,-0.7916378647625435,-0.03255945337849564,2.1757630032315656
0.5859023994933414,0.9892387662904443,0.6063040566951157,7.502213985833281
-1.0,0.24770011755032728,1.0,3.380104206361656
0.5892793082705852,-0.15614563112124924,-0.40238897869032875,0.9224877157405629
-0.5028343609129127,-0.6516205669236756,0.21877570676718605,1.8934655908648268
-1.0,1.0,0.5812430887813722,1.4263381491374425
-1.0,0.39022967233106054,0.4556134419904776,-4.325802935689845
-0.7420677839964527,0.25682876905137375,0.9211003311880119,1.043469366731106
1.0,0.8894879935548607,-1.0,25.87689321101014
-0.4849660549866428,0.22613095811086548,-1.0,-1.6383832246856345
-1.0,0.7798920344607443,1.0,10.819635396215332
1.0,-0.17272314784986964,0.4084376407525465,5.193108364528389
-0.9941026002865339,-0.9114188472977858,-1.0,4.4675755186823025
0.10792568933049207,-1.0,0.4356083023833648,1.0726012956673177
0.46546359992820685,0.8031756621884054,1.0,7.249426849147513
-1.0,0.014785536875746574,-0.4438219167226809,-2.3999479459177477
-0.1627601577553992,0.3536328322758886,0.7721336664479475,0.5772589043377154
0.9460394940157903,0.16485746571388749,0.5657291981295496,6.3242608128702225
